"d0b820c","2026-09-29","Hải Anh Đoàn","Build Prototype 05 generate variation"
"8d6b2a4","2026-09-29","Hải Anh Đoàn","Build Prototype 04 automatic variation"
"3d37c59","2026-09-29","Hải Anh Đoàn","Build Prototype 03 minimal focus mode"
"782ee31","2026-09-29","Hải Anh Đoàn","Build Prototype 02 atmosphere presets"
"db98fcb","2026-09-29","Hải Anh Đoàn","Set up Assignment 2 page"
"5f1d5bc","2026-08-10","Hải Anh Đoàn","Add Assignment 1 system design document"
"6fc4f61","2026-07-29","Hải Anh Đoàn","Update work index"
"0498673","2026-07-16","Patrick McMahon","fixed assignment links"
"0f455e5","2026-07-16","Patrick McMahon","change favicon and remove unnecessary sections"
"6e3de54","2026-06-05","hase","moved to flex in flex"
"d5795a5","2026-06-05","hase","more responsiveq"
"80231d5","2026-06-05","hase","responsiveness"
"ce23c2d","2026-06-05","hase","init"